Jahr,Steuerarten nach der Steuerverteilung,Steuereinnahmen Tsd. EUR
2012,Steuereinnahmen insgesamt,600214418
2012,EU-Eigenmittel,26315937
2012,Zölle,4462412
2012,Mehrwertsteuer-Eigenmittel,2027430
2012,BNE-Eigenmittel,19826095
2012,Steuereinnahmen des Bundes,256303070
2012,Bundessteuern,99794050
2012,Lohn- und veranlagte Einkommenssteuer (Bund),79188982
2012,N.veranl.Steuern v.Ertrag u.Körperschaftsst.(Bund),18496963
2012,Abgeltungsteuer (Bund),3622990
2012,Steuern vom Umsatz (Bund),103964617
