In TEUR,2023 Konzern (IFRS),2023 Bank (UGB),2022 Konzern (IFRS),2022 Bank (UGB),2021 Konzern (IFRS),2021 Bank (UGB)
davon Spenden und Sponsorings,-1.256,-1.239,-1.28,-1.263,-1.046,-1.035
Löhne und Gehälter,-56.641,-50.446,-52.106,-45.513,-49.672,-43.804
Dividenden*,-4.434,-4.434,-4.434,-4.434,-6.335,-6.335
Öffentliche Hand,-29.743,-30.29,-56.551,6.947,-42.301,-39.731
davon Steuern vom Einkommen und Ertrag,-12.958,-15.177,-40.563,21.334,-26.868,-25.842
davon Stabilitätsabgabe,-2.895,-2.895,-2.749,-2.749,-2.676,-2.676
davon gesetzlich vorgeschriebene Sozialaufwendungen,-13.89,-12.218,-13.239,-11.638,-12.757,-11.213
Beibehaltener wirtschaftlicher Wert,154.81,136.418,168.09,112.399,125.537,90.904
