Gruppe,Mitglieder,Zusammenkunft
Medien und Öffentlichkeit, Umfassende Presse- und Öffentlichkeitsarbeit,regelmäßig
Medien und Öffentlichkeit, Pressekonferenzen Interviews,regelmäßig
Lieferanten / Externe Dienstleister, Geschäftliche Kontakte,regelmäßig
Lieferanten / Externe Dienstleister, Verhaltenskodex,regelmäßig
Politik und Verwaltung, Aufsichtsrat,5 x jährlich
Investoren, Investor Relations (z.B. Roadshows),bei Produktemission
Investoren, Umfassende Presse- und Öffentlichkeitsarbeit,regelmäßig
