Mobilität,Einheit,Konzern 2023,Bank 2023,Konzern 2022,Bank 2022,Konzern 2021,Bank 2021
Kfz-Fuhrpark,Benzin (Liter),16.538,6.568,15.219,9.136,9.439,7.129
Kfz-Fuhrpark,Diesel (Liter),59.755,37.305,54.958,34.629,55.168,31.631
Dienstreisen,Hotelübernachtungen (Nächte),985,851,643,553,241,219
Dienstreisen,Öffentliche Verkehrsmittel (Pkm),365.19,329.264,202.919,167.652,55.21,49.208
Dienstreisen,Flug (Pkm),202.237,198.172,164.559,164.559,48.549,47.437
Dienstreisen,Taxi/PKW (Pkm),69.665,40.598,73.992,38.195,71.349,44.504
