Aus- und Weiterbildung,2023 Konzern,2023 Bank,2022 Konzern,2022 Bank,2021 Konzern,2021 Bank
Durchschnittliche Ausbildungsstunden pro MA,32.9,33.5,30.5,30.8,28.6,29.4
Frauen,27.3,28.3,27.1,28.1,25.3,26.0
Männer,39.8,39.9,34.6,34.0,32.5,33.4
Angestellte mit Führungsposition,39.7,36.3,32.3,35.7,27.7,28.7
Angestellte ohne Führungsposition,30.4,31.4,28.3,27.9,26.8,27.5
Durchschnittliche Ausbildungstage pro MA,4.3,4.3,3.9,4.0,3.7,3.8
Frauen,3.5,3.7,3.5,3.6,3.3,3.4
Männer,5.1,5.2,4.5,4.4,4.2,4.3
