Energieverbrauch in kWh innerhalb der Organisation,2023 Konzern,2023 Bank,2022 Konzern,2022 Bank,2021 Konzern,2021 Bank
Heizenergie (kWh),990.012,965.710,1.293.144,1.268.752,1.403.437,1.382.032
davon Erdgas (kWh),879.226,873.020,1.176.659,1.170.724,1.344.934,1.338.351
davon Heizöl (kWh),110.786,92.690,116.485,98.028,58.503,43.682
Fuhrpark (kWh),727.285,421.901,602.436,375.785,555.696,333.036
Gesamtverbrauch nicht erneuerbare Brennstoffe (kWh),1.717.297,1.387.611,1.895.580,1.644.537,1.959.133,1.715.068
