Gruppe,Mitglieder,Zusammenkunft
Eigentümer, Aufsichtsrat,5 x jährlich
Eigentümer, Jahreshauptversammlung,jährlich
Aufsichtsrat, Aufsichtsratssitzungen,5 x jährlich
Mitarbeiter,""" Interne Kommunikation (regelmäßige Informationen per E-Mail, Mitarbeiterzeitschrift, Intranet, Ergebnispräsentationen)""",regelmäßig
Mitarbeiter,""" Mitarbeiterveranstaltungen (Weihnachtsfeier, Winteraktivtag etc.)""",regelmäßig
Mitarbeiter, Betriebsrat,regelmäßig
Mitarbeiter, Mitarbeitergespräche,jährlich
Mitarbeiter, Whistleblowing,bei Bedarf
