In TEUR,2023 Konzern (IFRS),2023 Bank (UGB),2022 Konzern (IFRS),2022 Bank (UGB),2021 Konzern (IFRS),2021 Bank (UGB)
Unmittelbar erzeugter wirtschaftlicher Wert,286.749,264.525,318.157,193.909,256.802,215.207
Zinsüberschuss,233.661,220.219,167.803,157.973,196.061,174.152
Provisionsüberschuss,35.403,35.349,34.128,33.813,38.023,37.58
Ergebnis aus Finanzinstrumenten,-35.797,5.542,80.43,825.0,-5.424,1.992
davon Ergebnis aus dem Handel,5.787,0,6.243,0,4.844,0
Sonstige Erträge,53.482,3.415,35.796,1.298,28.142,1.483
Ausgeschütteter wirtschaftlicher Wert,-131.939,-128.107,-150.067,-81.51,-131.265,-124.303
Sachaufwendungen,-41.121,-42.937,-36.976,-38.51,-32.957,-34.433
