Sektor (NACE Rev 1),Bruttosaldo in Mio EUR 31122022,Emissionen (t CO2e) - Scope 1,Emissionen (t CO2e) - Scope 2,Emissionen (t CO2e) - Scope 1+2,(t CO2e / MEUR) - Scope 1+2,qualität - PCAF Score (Scope 1+2)
H -  Verkehr und Lagerei,1255,275547,49425,324971,259,4.3
I -   Gastgewerbe/Beherbergung und Gastronomie,621,21397,4912,26309,42,4.3
J -  Information und Kommunikation,378,2012,4469,6481,17,4.3
K -  Erbringung von Finanz- und Versicherungsdienstleistungen,4192,16379,12326,28704,7,4.9
L -  Grundstücks- und Wohnungswesen,6400,174567,1377,175944,27,4.3
M - Erbringung von freiberuflichen wissenschaftlichen und technischen Dienstleistungen,390,9505,3487,12992,33,4.4
N -  Erbringung von sonstigen wirtschaftlichen Dienstleistungen,439,8600,2446,11046,25,4.2
