Sektor (NACE Rev 1),Bruttosaldo in Mio EUR 31122022,Emissionen (t CO2e) - Scope 1,Emissionen (t CO2e) - Scope 2,Emissionen (t CO2e) - Scope 1+2,(t CO2e / MEUR) - Scope 1+2,qualität - PCAF Score (Scope 1+2)
"""A -  Land- und Forstwirtschaft, Fischerei""",361,204986,7458,212443,589,4.5
B -  Bergbau und Gewinnung von Steinen und Erden,189,45455,30533,75988,403,4.3
C -  Verarbeitendes Gewerbe/Herstellung von Waren,6885,1571627,536752,2108380,306,3.6
D -  Energieversorgung,943,280191,41412,321603,341,4.1
"""E -  Wasserversorgung, Abwasser- und Abfallentsorgung und Beseitigung von Umweltverschmutzungen""",140,51802,5430,57232,408,4.3
F -  Baugewerbe/Bau,3060,135922,5071,140993,46,4.4
"""G -  Handel, Instandhaltung und Reparatur von Kraftfahrzeugen""",2487,143196,90826,234022,94,4.2
