Intensitäten,RLB OÖ ,Finanzdienstleistungen,Immobilien,Nahrungsmittel,Touristik
Intensität der direkten THG-Emissionen (kg CO2e je VZÄ),328,505.0,501,18050.0,263
Intensität der direkten THG-Emissionen (kg CO2e je m2),9,13.0,26,247.0,25
Intensität der indirekten THG-Emissionen (kg CO2e je VZÄ),670,1.207,327,4.259,51
Intensität der indirekten THG-Emissionen (kg CO2e je m2),18,32.0,17,58.0,5
Intensität der direkten und indirekten THG-Emissionen (kg CO2e je VZÄ),999,1.712,828,22.309,314
Intensität der direkten und indirekten THG-Emissionen (kg CO2e je m2),26,45.0,43,305.0,30
