Heizwärme,Unnamed: 1,Einheit,2023,2022,2021
Nicht-erneuerbare Energie,Volksbank Oberösterreich AG,kWh,790878,965768,1169739
Nicht-erneuerbare Energie,Volksbank Salzburg eG,kWh,152509,291097,27766
Nicht-erneuerbare Energie,Volksbank Steiermark AG,kWh,488503,536185,1218061
Nicht-erneuerbare Energie,Volksbank Tirol AG,kWh,703114,79349,674769
Nicht-erneuerbare Energie,VOLKSBANK VORARLBERG e. Gen.,kWh,328162,282067,291246
Nicht-erneuerbare Energie,VOLKSBANK WIEN AG,kWh,1689114,2627169,3097465
Nicht-erneuerbare Energie,Gesamter Wärmeverbrauch Volksbanken-Verbund,kWh,12627682,16367056,17317628
Nicht-erneuerbare Energie,Spezifischer Wärmeverbrauch Volksbanken-Verbund (kWh per m²),kWh per m²,94,102,106
