Wesentliche Themen,Kapitel im Bericht,Belange gem. NaDiVeG,GRI-Aspekte
Regionalität,Regionalität,"""Umweltbelange, Sozialbelange""","""GRI 201, 203"""
Nachhaltige Veranlagung,Nachhaltige Produkte und Services,"""Umweltbelange, Sozialbelange""",GRI 305
Nachhaltige Finanzierung,Nachhaltige Produkte und Services,"""Umweltbelange, Sozialbelange""","""GRI 201, 305"""
Kundenzufriedenheit,Qualität der Kundenbetreuung,Sozialbelange,GRI 417
Digitalisierung,Digitalisierung,Sozialbelange,keine GRI Zuordnung
Mitarbeitergesundheit und -sicherheit,Mitarbeitende,Arbeitnehmer- und Sozialbelange,GRI 403
