Mitarbeitende,Geschlecht,Einheit,2023,2022,2021
Mitarbeitende in Teilzeit,W,Anzahl,1248,1277,1275
Mitarbeitende in Teilzeit,M,Anzahl,171,178,178
Mitarbeitende mit unbefristetem Dienstvertrag,,Anzahl,3758,3732,3881
Mitarbeitende mit unbefristetem Dienstvertrag,W,Anzahl,2201,2058,23
Mitarbeitende mit unbefristetem Dienstvertrag,M,Anzahl,1557,1674,1581
Mitarbeitende mit befristetem Dienstvertrag,,Anzahl,33,39,38
Mitarbeitende mit befristetem Dienstvertrag,W,Anzahl,18,31,20
Mitarbeitende mit befristetem Dienstvertrag,M,Anzahl,15,8,18
