THG-Emissionen je Industriezweig für 2023 - Kategorie,Ausstehender Betrag (in Mio EUR),Scope 1 + 2 (in t CO2e),Scope 1 + 2 (in gr CO2e/EUR)
P  Erziehung und Unterricht,11,201,19.0
Q  Gesundheits- und Sozialwesen,161,3669,22.7
"""R  Kunst, Unterhaltung und Erholung""",21,4463,208.6
S  Erbringung von sonstigen Dienstleistungen,82,2994,36.5
T - U Sonstige,1570,6876,3.4
Commercial Real Estates,10532,388739,36.9
Mortgages,8566,187690,21.9
Project Finance,121,5321,43.9
Total,31234,1222316,39.1
