Unnamed: 0,Einheit,2023,2023 Anträge Portal,2023 davon DigiSign,2022,2021
Anzahl der ERGO Versicherungen von Kundinnen und Kunden des Volksbanken-Verbundes,Anzahl (Vertragsdichte),147076,,,147189,149283
Volksbanken-Verbund und ERGO Kundinnen und Kunden,Anzahl (Vertragsdichte),97778,,,99213,101632
neue Versicherungsabschlüsse von Kundinnen und Kunden des Volksbanken-Verbundes1),Anzahl (Produktion Stück),19483,17784.0,15690.0,17474,14720
Neugeschäftsvolumen an ERGO Versicherungen von Kundinnen und Kunden des Volksbanken-Verbundes,EUR (Produktion Prämie),20545202,17677514.0,13817784.0,25780624,24722598
