Wesentliche Themen,Kapitel im Bericht,Belange gem. NaDiVeG,GRI-Aspekte
Aus- und Weiterbildung,Mitarbeitende,Arbeitnehmer- und Sozialbelange,GRI 404
Mitarbeiterzufriedenheit,Mitarbeitende,Arbeitnehmer- und Sozialbelange,GRI 401
Vielfalt und Chancengleichheit,Mitarbeitende,Arbeitnehmer- und Sozialbelange,"""GRI 405, 406"""
Energie und Klima,Energie und Klima,Umweltbelange,"""GRI 302, 305"""
Datenschutz und -sicherheit,"""Datensicherheit, Code of Conduct und Compliance""",Sozialbelange,GRI 418
Menschenrechte,Code of Conduct und Compliance,Achtung der Menschenrechte,keine GRI Zuordnung
Ethik und Compliance,Code of Conduct und Compliance,Bekämpfung von Korruption und Bestechung,GRI 205
