Heizwärme,Unnamed: 1,Einheit,2023,2022,2021
Erneuerbare Energie,Österreichische Ärzte- und Apothekerbank AG,kWh,57343,12269,7404
Erneuerbare Energie,Volksbank Kärnten eG,kWh,614059,1115028,1190105
Erneuerbare Energie,Volksbank Niederösterreich AG,kWh,855781,890931,950454
Erneuerbare Energie,Volksbank Oberösterreich AG,kWh,859288,1022471,948316
Erneuerbare Energie,Volksbank Salzburg eG,kWh,944488,1400408,1321742
Erneuerbare Energie,Volksbank Steiermark AG,kWh,1024989,1280331,992317
Nicht-erneuerbare Energie,Gesamter Wärmeverbrauch Volksbanken-Verbund,kWh,12627682,16367056,17317628
Nicht-erneuerbare Energie,Spezifischer Wärmeverbrauch Volksbanken-Verbund (kWh per m²),kWh per m²,94,102,106
