Heizwärme,Unnamed: 1,Einheit,2023,2022,2021
Nicht-erneuerbare Energie,Volksbank Niederösterreich AG,kWh,1047814,1552131,1618642
Erneuerbare Energie,Volksbank Tirol AG,kWh,658117,549494,498687
Erneuerbare Energie,VOLKSBANK VORARLBERG e. Gen.,kWh,669666,623403,628182
Erneuerbare Energie,VOLKSBANK WIEN AG,kWh,1446470,1853114,1875399
Nicht-erneuerbare Energie,Österreichische Ärzte- und Apothekerbank AG,kWh,70464,127313,44543
Nicht-erneuerbare Energie,Volksbank Kärnten eG,kWh,226923,444387,512896
Nicht-erneuerbare Energie,Gesamter Wärmeverbrauch Volksbanken-Verbund,kWh,12627682,16367056,17317628
Nicht-erneuerbare Energie,Spezifischer Wärmeverbrauch Volksbanken-Verbund (kWh per m²),kWh per m²,94,102,106
