THG-Emissionen je Industriezweig für 2023 - Kategorie,Ausstehender Betrag (in Mio EUR),Scope 1 + 2 (in t CO2e),Scope 1 + 2 (in gr CO2e/EUR)
Business Loans Listed and Unlisted Equity,12015,640566,53.4
"""A  Land- und Forstwirtschaft, Fischerei""",131,190126,1451.6
B  Bergbau und Gewinnung von Steinen und Erden,14,4896,338.7
C  Herstellung von Waren,367,53387,145.5
D  Energieversorgung,49,2830,57.3
"""E  Wasserversorgung, Abwasser- und Abfallentsorgung und Beseitigung von Umweltverschmutzungen""",38,37460,982.1
F  Bau,318,28777,90.5
"""G  Handel, Instandhaltung und Reparatur von Kraftfahrzeugen""",821,49236,60.0
