Gesamt Volksbanken-Verbund,2023,2022,2021
Direkte Emissionen (Scope 1),1612359,2137482,2459431
Indirekte Emissionen (Scope 2 – market based),553.96,1021624,1074643
Indirekte Emissionen (Scope 2 – location based),2514733,2965890,3256212
Gesamtemissionen Scope 1 + 2 (market based),2166319,3159106,3534074
Gesamtemissionen Scope 1 + 2 (location based),4127092,5103372,5715643
Spezifisch Gesamtemissionen Scope 1 + 2 (market based) pro m2,16,20,22
Gesamtemissionen Scope 1 + 2 (location based) pro m2,31,32,35
